,mes,mm,instalacao,medidor
0,5,53,0001001176,13017277
1,7,93,0001001176,13017277
2,8,135,0001001176,13017277
0,5,431,0160040259,12680634
1,6,399,0160040259,12680634
2,7,302,0160040259,12680634
3,8,222,0160040259,12680634
0,5,459,0160310077,13337151
1,8,135,0160310077,13337151
0,5,57,0009500838,32152525
1,7,51,0009500838,32152525
2,8,57,0009500838,32152525
0,5,723,0001041763,14132831
1,6,340,0001041763,14132831
0,8,360,0001041763,15432079
0,7,164,0160280927,13831065
1,8,133,0160280927,13831065
0,5,162,0001809203,13057834
1,6,105,0001809203,13057834
2,7,92,0001809203,13057834
3,8,83,0001809203,13057834
0,5,388,0001849522,13240973
0,6,186,0001849522,15496683
1,7,290,0001849522,15496683
2,8,128,0001849522,15496683
0,5,63,0000240881,12920439
0,5,743,0000240881,13074470
1,6,351,0000240881,13074470
0,5,64,0160283549,13831685
1,6,48,0160283549,13831685
0,5,109,0001502972,00037264
1,6,51,0001502972,00037264
0,5,51,0001502969,00037265
0,5,99,0000735829,14191529
1,6,91,0000735829,14191529
2,7,59,0000735829,14191529
3,8,53,0000735829,14191529
0,5,169,0001401427,12793471
1,6,140,0001401427,12793471
0,7,607,0001401427,15287895
1,8,664,0001401427,15287895
0,5,185,0009501113,12680553
1,6,111,0009501113,12680553
2,7,107,0009501113,12680553
3,8,148,0009501113,12680553
0,5,185,0009501113,12680553
1,6,111,0009501113,12680553
2,7,107,0009501113,12680553
3,8,148,0009501113,12680553
0,5,185,0009501113,12680553
1,6,111,0009501113,12680553
2,7,107,0009501113,12680553
3,8,148,0009501113,12680553
0,5,384,0009501159,32154557
1,6,50,0009501159,32154557
2,8,248,0009501159,32154557
0,5,384,0009501159,32154557
1,6,50,0009501159,32154557
2,8,248,0009501159,32154557
0,5,259,0160346358,13406501
0,5,363,0160515237,13862397
1,6,360,0160515237,13862397
2,7,222,0160515237,13862397
0,8,112,0160515237,15347763
0,8,77,0160648797,14283627
0,5,362,0160209569,13406509
0,7,361,0160209569,15496700
1,8,742,0160209569,15496700
0,5,446,0160428066,14631706
0,6,130,0160809836,15537042
1,7,666,0160809836,15537042
2,8,639,0160809836,15537042
0,5,228,0000999520,00010129
1,6,356,0000999520,00010129
2,7,160,0000999520,00010129
3,8,79,0000999520,00010129
0,5,187,0001839811,12680635
1,6,80,0001839811,12680635
2,7,82,0001839811,12680635
3,8,67,0001839811,12680635
0,5,251,0160276979,12874725
1,6,133,0160276979,12874725
2,7,229,0160276979,12874725
3,8,217,0160276979,12874725
0,8,724,0001420276,12874985
0,6,85,0160283630,13862579
0,5,65,0001046005,00037480
0,5,174,0160147957,12875205
1,6,105,0160147957,12875205
2,7,145,0160147957,12875205
3,8,273,0160147957,12875205
0,7,69,0000642506,00047275
1,8,79,0000642506,00047275
0,5,120,0001365961,13240968
1,7,124,0001365961,13240968
2,8,98,0001365961,13240968
0,7,73,0160837818,15476020
1,8,214,0160837818,15476020
0,7,73,0160837818,15476020
1,8,214,0160837818,15476020
0,5,250,0000004895,13058301
0,8,299,0000004895,15496818
0,7,334,0160139079,15496676
1,8,584,0160139079,15496676
0,5,96,0160378695,14284186
0,5,720,0000255202,00048903
1,6,435,0000255202,00048903
0,6,207,0000255202,15314073
1,7,512,0000255202,15314073
2,8,270,0000255202,15314073
0,5,185,0160341645,15137219
1,6,485,0160341645,15137219
2,7,204,0160341645,15137219
3,8,110,0160341645,15137219
0,5,59,0000248060,00093038
1,6,56,0000248060,00093038
0,5,100,0001516165,00026723
1,6,52,0001516165,00026723
0,5,55,0000342201,13406507
1,8,88,0000342201,13406507
0,6,52,0000606381,00098646
0,7,335,0000606381,15347607
1,8,195,0000606381,15347607
0,5,178,0160282490,00017505
1,6,109,0160282490,00017505
2,7,93,0160282490,00017505
3,8,102,0160282490,00017505
0,5,365,0160104682,12827922
1,6,266,0160104682,12827922
2,7,127,0160104682,12827922
3,8,113,0160104682,12827922
0,5,59,0160671090,14631292
1,6,187,0160671090,14631292
2,7,154,0160671090,14631292
3,8,112,0160671090,14631292
0,5,157,0000251807,14191473
1,6,120,0000251807,14191473
2,7,261,0000251807,14191473
3,8,55,0000251807,14191473
0,7,173,0000238173,13058539
1,8,123,0000238173,13058539
0,5,96,0000507035,13057958
1,6,52,0000507035,13057958
0,5,479,0009502599,00053783
1,6,430,0009502599,00053783
0,7,655,0009502599,14630868
1,8,708,0009502599,14630868
0,5,724,0160178826,12875588
1,6,185,0160178826,12875588
2,7,76,0160178826,12875588
0,5,254,0160324636,13058876
1,6,163,0160324636,13058876
2,7,194,0160324636,13058876
3,8,162,0160324636,13058876
0,5,100,0160324635,14275208
0,5,104,0160026332,12680591
1,7,57,0160026332,12680591
0,8,298,0001393078,15405899
0,6,56,0000152459,00048747
1,7,214,0000152459,00048747
2,8,203,0000152459,00048747
0,5,236,0000698757,15269094
1,6,110,0000698757,15269094
2,7,82,0000698757,15269094
3,8,103,0000698757,15269094
0,6,71,0000659806,15405955
1,7,164,0000659806,15405955
2,8,191,0000659806,15405955
0,7,261,0160350367,13431821
1,8,270,0160350367,13431821
0,5,492,0160188269,13058162
0,7,286,0160134792,15268917
1,8,262,0160134792,15268917
0,5,86,0160102349,12828153
1,6,53,0160102349,12828153
2,8,98,0160102349,12828153
0,5,56,0160258451,12874692
0,5,56,0160258451,12874692
0,5,707,0160003451,12680478
1,6,538,0160003451,12680478
0,5,119,0009502513,13017118
1,6,97,0009502513,13017118
0,5,158,0160187986,12697355
1,6,141,0160187986,12697355
2,7,126,0160187986,12697355
3,8,90,0160187986,12697355
0,5,167,0000150165,12680518
1,6,116,0000150165,12680518
2,7,108,0000150165,12680518
3,8,103,0000150165,12680518
0,5,63,0000003838,00013539
0,8,274,0009502394,15536965
0,5,92,0009501360,12680590
1,7,48,0009501360,12680590
2,8,50,0009501360,12680590
0,5,132,0009501537,12697333
1,6,117,0009501537,12697333
2,7,95,0009501537,12697333
3,8,64,0009501537,12697333
0,5,115,0160070877,12697364
1,6,51,0160070877,12697364
0,5,171,0160386604,13059269
0,5,134,0160320357,12828183
1,6,107,0160320357,12828183
2,7,70,0160320357,12828183
0,5,738,0001652356,13831467
1,6,53,0001652356,13831467
0,7,368,0160386604,15537023
1,8,533,0160386604,15537023
0,5,291,0160051358,12794328
0,8,695,0160051358,15432056
0,5,512,0160488919,13831504
0,5,57,0000150142,12680603
0,5,298,0160196868,13057983
1,6,103,0160196868,13057983
2,7,352,0160196868,13057983
3,8,161,0160196868,13057983
0,5,55,0000506281,13431985
0,5,176,0009500926,12697341
1,6,229,0009500926,12697341
2,7,247,0009500926,12697341
3,8,73,0009500926,12697341
0,7,86,0009502701,14573457
0,8,92,0160277370,00092605
0,7,51,0001509682,15432060
1,8,81,0001509682,15432060
0,5,126,0160318191,13959929
1,6,146,0160318191,13959929
2,7,57,0160318191,13959929
0,5,200,0160322444,12920397
1,7,122,0160322444,12920397
2,8,142,0160322444,12920397
0,5,444,0001077978,13074371
1,6,365,0001077978,13074371
0,5,115,0000614178,00009223
1,6,128,0000614178,00009223
0,5,161,0000774484,00048402
1,6,72,0000774484,00048402
2,8,50,0000774484,00048402
0,6,198,0009501782,15333252
1,7,577,0009501782,15333252
2,8,546,0009501782,15333252
0,5,140,0000104883,13058505
1,7,64,0000104883,13058505
0,5,338,0000632799,13074268
0,7,187,0000632799,15269105
1,8,241,0000632799,15269105
0,5,743,0009500936,12874519
0,7,223,0009500936,15536980
1,8,415,0009500936,15536980
0,5,436,0000243384,00010127
1,6,70,0000243384,00010127
0,8,359,0000243384,15368539
0,5,68,0160277133,00009827
1,6,98,0160277133,00009827
2,7,139,0160277133,00009827
3,8,216,0160277133,00009827
0,5,191,0000418548,13862538
1,6,109,0000418548,13862538
0,5,732,0009500467,32152687
1,6,630,0009500467,32152687
0,5,732,0009500467,32152687
1,6,630,0009500467,32152687
0,5,651,0000087340,00009718
0,5,107,0160350252,13406417
1,6,68,0160350252,13406417
0,5,340,0160160552,12919851
1,6,293,0160160552,12919851
2,7,328,0160160552,12919851
0,7,489,0009500467,15536975
1,8,485,0009500467,15536975
0,5,89,0160041006,12680654
0,5,71,0009500326,12919518
1,7,168,0009500326,12919518
2,8,76,0009500326,12919518
0,6,119,0160589882,14133253
0,5,275,0160192223,13058094
1,6,84,0160192223,13058094
2,7,269,0160192223,13058094
3,8,152,0160192223,13058094
0,6,54,0001492692,00037388
1,7,120,0001492692,00037388
2,8,115,0001492692,00037388
0,5,192,0000810441,14479045
1,6,197,0000810441,14479045
0,7,247,0000810441,15536979
1,8,348,0000810441,15536979
0,7,386,0160256787,15313988
1,8,696,0160256787,15313988
0,8,255,0009501898,15333250
0,7,187,0160692835,15333251
1,8,429,0160692835,15333251
0,8,107,0009501716,15333249
0,5,51,0160741560,14907496
1,6,149,0160741560,14907496
2,7,127,0160741560,14907496
3,8,112,0160741560,14907496
0,5,284,0000248748,15313844
1,6,127,0000248748,15313844
2,7,73,0000248748,15313844
0,8,200,0001204039,15543395
0,7,592,0001821775,15333265
1,8,615,0001821775,15333265
0,5,129,0160456397,13339990
1,6,113,0160456397,13339990
0,5,198,0000586609,15368409
1,6,189,0000586609,15368409
2,7,253,0000586609,15368409
0,5,143,0160282570,14472047
1,6,74,0160282570,14472047
2,7,109,0160282570,14472047
3,8,52,0160282570,14472047
0,5,330,0000251990,12828041
1,6,83,0000251990,12828041
2,7,270,0000251990,12828041
0,5,123,0160249663,13240861
1,7,70,0160249663,13240861
0,5,132,0160065379,12680691
1,6,149,0160065379,12680691
2,7,54,0160065379,12680691
3,8,128,0160065379,12680691
0,5,108,0000508965,12794384
1,6,73,0000508965,12794384
0,5,420,0000272192,12919980
1,6,361,0000272192,12919980
2,7,220,0000272192,12919980
0,5,54,0001055888,12680657
1,6,48,0001055888,12680657
0,5,128,0000047412,00026470
1,6,91,0000047412,00026470
2,7,82,0000047412,00026470
3,8,89,0000047412,00026470
0,8,52,0160104105,12697493
0,5,88,0000181938,12680608
1,6,67,0000181938,12680608
2,7,94,0000181938,12680608
3,8,114,0000181938,12680608
0,5,290,0001411820,00056514
1,6,282,0001411820,00056514
2,7,73,0001411820,00056514
0,5,102,0160278777,00047595
1,6,79,0160278777,00047595
2,7,65,0160278777,00047595
0,5,49,0160278200,00008899
0,5,276,0000253729,13240909
1,6,63,0000253729,13240909
2,7,132,0000253729,13240909
3,8,101,0000253729,13240909
0,5,78,0009500109,12827871
1,6,96,0009500109,12827871
2,7,125,0009500109,12827871
0,8,237,0009500109,15536951
0,5,218,0001612683,15287943
1,6,70,0001612683,15287943
2,8,53,0001612683,15287943
0,5,110,0000843684,15023311
0,5,396,0000714339,13240715
1,6,49,0000714339,13240715
2,7,83,0000714339,13240715
3,8,48,0000714339,13240715
0,5,344,0001308055,13523812
0,6,70,0001308055,15473364
1,7,118,0001308055,15473364
2,8,139,0001308055,15473364
0,5,96,0001470814,00037311
0,5,483,0160392374,13059246
0,5,483,0160392374,13059246
0,5,723,0160465411,13831339
1,6,76,0160465411,13831339
0,8,145,0160465411,15496800
0,5,53,0160031690,12680687
0,5,173,0001724984,12828046
1,6,111,0001724984,12828046
0,8,539,0009501891,14630883
0,5,58,0000001217,00037355
1,6,62,0000001217,00037355
2,7,53,0000001217,00037355
3,8,65,0000001217,00037355
0,7,369,0160411333,15537038
1,8,446,0160411333,15537038
0,5,51,0001322084,13058138
0,7,145,0001322084,15347789
1,8,410,0001322084,15347789
0,5,149,0001468615,00026700
1,6,75,0001468615,00026700
0,5,64,0160130360,13058206
0,5,75,0000147861,12680495
1,6,70,0000147861,12680495
2,7,65,0000147861,12680495
3,8,49,0000147861,12680495
0,5,70,0009500086,12919397
1,7,50,0009500086,12919397
0,5,60,0160180311,13058191
0,5,134,0160470567,13017307
1,6,203,0160470567,13017307
0,5,63,0160278419,14630794
1,7,58,0160278419,14630794
2,8,113,0160278419,14630794
0,5,53,0160809881,15289106
0,7,73,0160470567,15476012
0,8,67,0160276771,14522758
0,6,131,0160380914,12794277
1,7,133,0160380914,12794277
2,8,127,0160380914,12794277
0,5,54,0001811813,12874969
1,6,56,0001811813,12874969
0,5,184,0160349962,13406427
1,6,86,0160349962,13406427
2,8,59,0160349962,13406427
0,5,219,0009502437,13059261
0,7,74,0009502437,15409560
1,8,55,0009502437,15409560
0,5,76,0000003374,00048863
1,6,88,0000003374,00048863
2,7,48,0000003374,00048863
0,6,52,0000959055,00046509
1,7,66,0000959055,00046509
2,8,73,0000959055,00046509
0,7,92,0000003828,14566578
1,8,711,0000003828,14566578
0,5,76,0001445366,00037318
1,6,54,0001445366,00037318
2,7,54,0001445366,00037318
0,6,52,0001418192,00026759
1,7,63,0001418192,00026759
0,5,61,0160324641,00066292
1,6,65,0160324641,00066292
2,8,58,0160324641,00066292
0,5,142,0160343054,13406576
1,7,77,0160343054,13406576
2,8,79,0160343054,13406576
0,8,557,0160516222,15347693
0,5,111,0000150442,00045535
1,6,97,0000150442,00045535
2,7,87,0000150442,00045535
0,5,604,0000157658,12919929
0,5,79,0160033471,12680626
1,6,64,0160033471,12680626
0,5,60,0160086067,12697332
0,5,90,0000003262,15269092
1,6,86,0000003262,15269092
2,7,87,0000003262,15269092
0,5,90,0000003262,15269092
1,6,86,0000003262,15269092
2,7,87,0000003262,15269092
0,5,410,0160097365,12874958
0,7,96,0160097365,15432059
1,8,459,0160097365,15432059
0,5,50,0000150323,12680561
0,5,210,0000909823,00009059
1,6,153,0000909823,00009059
0,5,72,0160036478,12680613
1,6,75,0160036478,12680613
2,7,71,0160036478,12680613
3,8,74,0160036478,12680613
0,6,69,0001594157,00026764
1,7,96,0001594157,00026764
2,8,49,0001594157,00026764
0,5,85,0000583096,00009554
1,6,90,0000583096,00009554
0,5,69,0160276776,13058829
1,6,61,0160276776,13058829
2,7,72,0160276776,13058829
3,8,80,0160276776,13058829
0,5,57,0000003911,00065600
1,6,67,0000003911,00065600
0,5,136,0001490375,14283235
1,6,141,0001490375,14283235
2,7,101,0001490375,14283235
3,8,100,0001490375,14283235
0,8,479,0160221353,15431987
0,5,91,0160079928,12874963
1,7,97,0160079928,12874963
2,8,63,0160079928,12874963
0,5,75,0000508232,12680623
1,6,64,0000508232,12680623
2,7,67,0000508232,12680623
3,8,74,0000508232,12680623
0,5,81,0160156424,12920075
0,7,156,0001500102,15347653
1,8,235,0001500102,15347653
0,5,75,0009500006,12697370
0,5,75,0009500006,12697370
0,5,63,0160050162,12680659
1,6,62,0160050162,12680659
2,7,57,0160050162,12680659
3,8,67,0160050162,12680659
0,5,48,0160041160,12680470
0,5,58,0160331998,13337119
0,5,54,0160213214,13057987
1,7,106,0160213214,13057987
2,8,79,0160213214,13057987
0,5,412,0160341543,12919176
1,8,202,0160341543,12919176
0,5,742,0160339662,13406515
1,6,100,0160339662,13406515
0,6,49,0160339662,15313916
1,8,49,0160339662,15313916
0,5,351,0000811282,12919926
0,6,332,0000811282,15496701
0,5,158,0160119823,13058352
1,8,66,0160119823,13058352
0,8,281,0160185046,15347753
0,5,48,0160033315,12680476
0,5,106,0160445033,13406560
1,6,122,0160445033,13406560
2,7,50,0160445033,13406560
0,5,224,0160489528,13240848
1,6,242,0160489528,13240848
0,8,376,0160489528,15496749
0,5,113,0001426334,00026454
1,6,71,0001426334,00026454
2,7,50,0001426334,00026454
0,5,632,0001420297,12920022
1,6,74,0001420297,12920022
2,7,234,0001420297,12920022
3,8,151,0001420297,12920022
0,5,73,0160324953,13337153
1,7,48,0160324953,13337153
2,8,69,0160324953,13337153
0,5,104,0001770520,12996224
1,6,154,0001770520,12996224
2,7,167,0001770520,12996224
0,6,56,0009501187,12680549
0,5,292,0000223551,13959964
1,6,192,0000223551,13959964
0,5,52,0160348616,12919383
0,5,54,0009501034,12680531
0,5,75,0001331868,00056427
1,6,56,0001331868,00056427
0,5,705,0000246983,00066344
1,6,54,0000246983,00066344
0,6,60,0000246983,15314027
1,7,97,0000246983,15314027
2,8,54,0000246983,15314027
0,5,98,0001990254,13058391
1,6,250,0001990254,13058391
2,7,197,0001990254,13058391
3,8,123,0001990254,13058391
0,5,50,0160662730,14631363
1,6,55,0160662730,14631363
0,7,352,0160662730,15537702
1,8,618,0160662730,15537702
0,5,148,0000153015,12875599
1,6,130,0000153015,12875599
0,7,260,0160324075,15288108
0,5,99,0160392312,13523876
0,5,695,0001007033,13406564
0,5,60,0009500555,15476007
1,6,88,0009500555,15476007
2,7,161,0009500555,15476007
3,8,142,0009500555,15476007
0,7,52,0009500811,15536974
1,8,51,0009500811,15536974
0,7,74,0001190018,15268900
1,8,174,0001190018,15268900
0,8,88,0009500555,13830433
0,5,95,0160283334,13960018
1,6,84,0160283334,13960018
2,7,66,0160283334,13960018
0,5,201,0160075574,12680704
1,6,157,0160075574,12680704
0,7,251,0160186839,13058158
1,8,164,0160186839,13058158
0,8,481,0001770062,15268922
0,6,64,0000357754,15368348
1,7,743,0000357754,15368348
2,8,341,0000357754,15368348
0,7,58,0009500350,14907408
1,8,744,0009500350,14907408
0,7,58,0009500350,14907415
1,8,744,0009500350,14907415
0,5,273,0009501230,13144056
1,8,185,0009501230,13144056
0,5,87,0009501230,13144057
1,7,59,0009501230,13144057
0,5,743,0160158470,12919920
1,6,317,0160158470,12919920
0,8,193,0160158470,15496838
0,5,693,0160047058,13241002
1,6,595,0160047058,13241002
0,6,56,0160504929,15405973
1,7,112,0160504929,15405973
2,8,89,0160504929,15405973
0,5,159,0000776568,13431873
0,6,58,0001807153,15496704
1,7,54,0001807153,15496704
2,8,58,0001807153,15496704
0,5,51,0009501465,12919425
1,6,57,0009501465,12919425
2,7,117,0009501465,12919425
0,5,51,0009501465,12919425
1,6,57,0009501465,12919425
2,7,117,0009501465,12919425
0,5,51,0009501465,12919425
1,6,57,0009501465,12919425
2,7,117,0009501465,12919425
0,5,106,0000816335,12828120
1,6,142,0000816335,12828120
2,8,130,0000816335,12828120
0,7,361,0160458927,15368537
1,8,724,0160458927,15368537
0,5,163,0160305164,13431293
1,6,232,0160305164,13431293
2,7,370,0160305164,13431293
3,8,77,0160305164,13431293
0,5,294,0000859462,13017187
1,6,300,0000859462,13017187
2,7,180,0000859462,13017187
0,8,269,0160831392,13017279
0,5,101,0001161423,13862410
1,6,102,0001161423,13862410
0,5,58,0160395572,12919288
1,6,105,0160395572,12919288
2,7,119,0160395572,12919288
0,5,160,0160476674,13266288
1,6,113,0160476674,13266288
2,7,64,0160476674,13266288
0,5,107,0160275194,12680646
1,6,143,0160275194,12680646
0,5,220,0160314393,13521235
1,6,105,0160314393,13521235
0,7,48,0160314393,15345574
1,8,58,0160314393,15345574
0,5,256,0160448504,13306318
1,6,286,0160448504,13306318
2,7,159,0160448504,13306318
3,8,204,0160448504,13306318
0,6,49,0009500096,32180243
0,5,401,0009500096,32180035
1,8,466,0009500096,32180035
0,6,85,0160246181,15057853
1,7,434,0160246181,15057853
2,8,369,0160246181,15057853
0,5,533,0160198809,13133148
0,5,71,0000143887,13059131
0,5,158,0000152916,00048506
1,6,77,0000152916,00048506
0,5,85,0009501907,12680546
1,6,72,0009501907,12680546
2,7,91,0009501907,12680546
3,8,81,0009501907,12680546
0,5,117,0000003316,13057849
1,6,134,0000003316,13057849
2,7,88,0000003316,13057849
3,8,108,0000003316,13057849
0,5,82,0000762559,13058207
1,6,78,0000762559,13058207
0,5,129,0001530779,13058405
0,5,658,0160608520,14132581
1,6,632,0160608520,14132581
2,7,258,0160608520,14132581
0,5,282,0000655992,12794371
1,6,235,0000655992,12794371
2,7,84,0000655992,12794371
0,5,99,0000825937,32152655
1,6,56,0000825937,32152655
2,7,67,0000825937,32152655
0,5,57,0160372975,12919180
0,5,130,0000627371,13523274
1,6,59,0000627371,13523274
2,8,61,0000627371,13523274
0,7,50,0000152021,13523282
0,7,48,0000630107,14317084
0,5,263,0160416792,13523796
1,6,185,0160416792,13523796
2,7,88,0160416792,13523796
0,7,57,0160416792,15288178
1,8,743,0160416792,15288178
0,6,79,0000964156,15347713
1,7,157,0000964156,15347713
2,8,205,0000964156,15347713
0,5,459,0160488108,13831674
0,5,323,0001304429,12920227
1,6,247,0001304429,12920227
2,7,299,0001304429,12920227
3,8,60,0001304429,12920227
0,5,130,0000805964,13074443
1,6,93,0000805964,13074443
0,7,49,0160325826,15347805
1,8,48,0160325826,15347805
0,5,290,0001798069,12920387
0,5,72,0160282809,13266283
1,6,78,0160282809,13266283
2,7,214,0160282809,13266283
3,8,301,0160282809,13266283
0,5,320,0160505809,13959920
0,5,139,0000530805,13058037
1,6,61,0000530805,13058037
0,5,55,0000687964,12680663
1,6,48,0000687964,12680663
2,8,50,0000687964,12680663
0,5,266,0000816486,13240835
1,6,175,0000816486,13240835
2,8,78,0000816486,13240835
0,5,391,0000511815,13058174
1,6,278,0000511815,13058174
2,8,156,0000511815,13058174
0,5,74,0160669410,14763516
0,5,53,0160669410,15406000
1,6,67,0160669410,15406000
2,7,62,0160669410,15406000
0,5,740,0000439302,12874965
1,6,53,0000439302,12874965
0,7,359,0000439302,15473363
1,8,742,0000439302,15473363
0,5,248,0160277147,13306312
1,6,226,0160277147,13306312
2,7,62,0160277147,13306312
0,5,386,0000007086,12680605
1,6,107,0000007086,12680605
2,7,67,0000007086,12680605
0,5,101,0160810548,15220878
1,7,54,0160810548,15220878
2,8,71,0160810548,15220878
0,5,180,0009501651,12680543
1,6,129,0009501651,12680543
2,7,176,0009501651,12680543
3,8,153,0009501651,12680543
0,5,129,0160281749,12874901
1,6,53,0160281749,12874901
2,8,48,0160281749,12874901
0,5,141,0001291293,12680686
0,5,158,0160512228,13862476
1,6,107,0160512228,13862476
0,8,225,0160512228,15543382
0,5,703,0000758717,13017292
1,6,76,0000758717,13017292
0,6,50,0160039108,12680493
0,6,50,0160039108,12680493
0,5,60,0160355767,13431883
1,6,107,0160355767,13431883
0,7,197,0160101624,15496685
1,8,590,0160101624,15496685
0,5,170,0001099527,12680595
1,6,116,0001099527,12680595
2,7,48,0001099527,12680595
3,8,87,0001099527,12680595
0,5,94,0160054225,12680558
1,6,66,0160054225,12680558
0,7,53,0000235486,13240814
1,8,75,0000235486,13240814
0,5,79,0000608265,14478766
1,6,150,0000608265,14478766
2,7,117,0000608265,14478766
0,8,95,0000608265,15314025
0,8,545,0160180320,15431981
0,5,157,0009501343,12794323
1,6,163,0009501343,12794323
2,7,155,0009501343,12794323
3,8,144,0009501343,12794323
0,7,130,0009501343,14317175
1,8,705,0009501343,14317175
0,5,158,0001828345,13058080
1,6,185,0001828345,13058080
2,7,108,0001828345,13058080
0,5,241,0000906455,00048071
1,6,110,0000906455,00048071
2,7,52,0000906455,00048071
3,8,158,0000906455,00048071
0,5,138,0009501697,12793974
1,6,241,0009501697,12793974
0,8,106,0009501697,15536950
0,5,210,0009500312,12794212
0,8,445,0009500312,15476025
0,5,139,0160188144,13058305
1,7,100,0160188144,13058305
2,8,104,0160188144,13058305
0,5,77,0009501365,12919198
1,7,54,0009501365,12919198
2,8,81,0009501365,12919198
0,5,578,0009502364,12680471
0,5,54,0160050816,12680682
1,6,76,0160050816,12680682
2,8,71,0160050816,12680682
0,5,177,0001136932,13240837
0,7,144,0001136932,15347807
1,8,412,0001136932,15347807
0,5,172,0000506308,13406383
0,6,91,0000506308,15473348
1,7,180,0000506308,15473348
2,8,177,0000506308,15473348
0,5,56,0000565306,14130120
1,7,84,0000565306,14130120
0,5,572,0160342980,13406471
1,6,487,0160342980,13406471
2,8,52,0160342980,13406471
0,5,90,0160044128,12680655
1,6,81,0160044128,12680655
0,5,103,0000823778,15203978
1,7,70,0000823778,15203978
0,8,59,0160456338,12697327
0,5,48,0000795621,00008967
1,6,63,0000795621,00008967
2,7,103,0000795621,00008967
3,8,157,0000795621,00008967
0,7,55,0160025048,15537020
1,8,268,0160025048,15537020
0,7,55,0160025048,15537020
1,8,268,0160025048,15537020
0,5,743,0001527483,12828118
1,6,101,0001527483,12828118
0,5,83,0000625696,13058559
1,8,220,0000625696,13058559
0,8,48,0160101225,14866763
0,5,510,0000493178,13831495
1,6,468,0000493178,13831495
2,7,155,0000493178,13831495
0,5,370,0000511446,12919962
1,6,361,0000511446,12919962
2,8,97,0000511446,12919962
0,5,330,0001817718,12793559
0,6,150,0001817718,15496666
1,7,173,0001817718,15496666
2,8,200,0001817718,15496666
0,5,273,0000120462,13057718
1,6,58,0000120462,13057718
2,7,702,0000120462,13057718
3,8,348,0000120462,13057718
0,5,176,0000333827,12680648
1,6,175,0000333827,12680648
2,7,122,0000333827,12680648
3,8,135,0000333827,12680648
0,5,237,0000425744,12680701
1,6,179,0000425744,12680701
2,7,107,0000425744,12680701
3,8,69,0000425744,12680701
0,5,72,0160023919,12680607
1,6,83,0160023919,12680607
2,7,80,0160023919,12680607
3,8,51,0160023919,12680607
0,5,110,0160277084,12874931
1,6,82,0160277084,12874931
2,7,56,0160277084,12874931
3,8,77,0160277084,12874931
0,8,553,0001214414,15347742
0,8,86,0000180933,15496914
0,5,161,0001059825,12874967
1,6,82,0001059825,12874967
2,7,220,0001059825,12874967
3,8,172,0001059825,12874967
0,5,364,0000051508,13831653
0,8,555,0000051508,15347749
0,5,238,0000459468,12680653
1,6,194,0000459468,12680653
2,7,54,0000459468,12680653
3,8,116,0000459468,12680653
0,5,323,0000719904,12827988
1,7,315,0000719904,12827988
2,8,301,0000719904,12827988
0,5,179,0000835623,14132211
1,6,189,0000835623,14132211
2,7,126,0000835623,14132211
3,8,128,0000835623,14132211
0,5,285,0000548340,12680651
1,6,312,0000548340,12680651
2,7,344,0000548340,12680651
3,8,292,0000548340,12680651
0,5,358,0160109047,12875209
1,6,326,0160109047,12875209
2,7,193,0160109047,12875209
0,5,183,0000370449,00002685
1,6,200,0000370449,00002685
2,7,175,0000370449,00002685
3,8,139,0000370449,00002685
0,5,208,0001167968,12680629
1,6,166,0001167968,12680629
2,7,180,0001167968,12680629
3,8,148,0001167968,12680629
0,5,112,0000124333,12680679
1,6,89,0000124333,12680679
2,7,50,0000124333,12680679
0,8,328,0001436827,15432095
0,5,193,0001324987,13058312
1,6,217,0001324987,13058312
2,7,157,0001324987,13058312
3,8,160,0001324987,13058312
0,5,108,0000755189,00047182
1,6,90,0000755189,00047182
2,7,105,0000755189,00047182
3,8,82,0000755189,00047182
0,5,217,0001654734,13406489
1,6,179,0001654734,13406489
2,7,48,0001654734,13406489
3,8,202,0001654734,13406489
0,5,256,0000948588,13523915
0,8,552,0000948588,15496740
0,5,681,0000478177,13831538
1,6,392,0000478177,13831538
0,5,178,0160436078,12697335
1,6,263,0160436078,12697335
2,7,160,0160436078,12697335
3,8,106,0160436078,12697335
0,7,114,0009500667,13017012
1,8,143,0009500667,13017012
0,7,247,0009500573,15537037
1,8,236,0009500573,15537037
0,5,230,0160165006,12996165
0,7,235,0160165006,15537022
1,8,308,0160165006,15537022
0,5,91,0000392197,12919907
1,6,58,0000392197,12919907
2,7,64,0000392197,12919907
3,8,56,0000392197,12919907
0,5,446,0160088166,12827762
1,6,186,0160088166,12827762
2,7,57,0160088166,12827762
3,8,257,0160088166,12827762
0,5,75,0160382313,12919311
0,8,274,0160382313,15536968
0,5,73,0001000427,00066328
0,5,540,0160292069,13337028
1,7,100,0160292069,13337028
0,5,470,0009501779,12919426
1,6,349,0009501779,12919426
2,8,183,0009501779,12919426
0,5,646,0160279015,00093044
1,6,70,0160279015,00093044
0,5,48,0001502989,00037396
1,7,51,0001502989,00037396
2,8,78,0001502989,00037396
0,5,121,0000939324,13058662
1,6,153,0000939324,13058662
2,7,235,0000939324,13058662
3,8,143,0000939324,13058662
0,8,256,0000231683,15269145
0,5,111,0160277613,14275245
1,6,89,0160277613,14275245
2,7,111,0160277613,14275245
3,8,125,0160277613,14275245
0,5,125,0160334055,13406449
1,7,59,0160334055,13406449
0,5,732,0160819343,15333227
1,6,64,0160819343,15333227
0,6,50,0160819343,15473382
1,7,102,0160819343,15473382
2,8,81,0160819343,15473382
0,8,60,0160209309,15268905
0,7,378,0000357719,00098656
1,8,366,0000357719,00098656
0,7,114,0000920499,15405925
1,8,82,0000920499,15405925
0,5,71,0000999444,00046658
1,7,149,0000999444,00046658
0,5,145,0000518012,00026648
1,6,91,0000518012,00026648
2,7,86,0000518012,00026648
3,8,69,0000518012,00026648
0,5,743,0160413567,13058598
1,6,316,0160413567,13058598
0,7,58,0160413567,15476023
1,8,48,0160413567,15476023
0,5,69,0001640178,13074278
1,7,101,0001640178,13074278
2,8,124,0001640178,13074278
0,5,75,0009500960,32152283
1,6,58,0009500960,32152283
2,7,49,0009500960,32152283
0,8,297,0160059514,15537041
0,5,97,0160331551,13406352
1,7,102,0160331551,13406352
2,8,103,0160331551,13406352
0,5,89,0160347147,14284032
1,6,413,0160347147,14284032
2,7,219,0160347147,14284032
3,8,96,0160347147,14284032
0,6,124,0001334494,12680690
1,7,179,0001334494,12680690
2,8,479,0001334494,12680690
0,7,56,0000223196,12919995
0,5,163,0000249415,13074143
1,6,55,0000249415,13074143
0,5,199,0160351435,13406634
1,6,151,0160351435,13406634
0,5,83,0000004254,00047752
0,5,135,0160369293,12874810
1,6,151,0160369293,12874810
2,7,169,0160369293,12874810
0,5,68,0160316116,12874753
0,5,149,0160294849,13431308
1,6,185,0160294849,13431308
2,7,171,0160294849,13431308
3,8,132,0160294849,13431308
0,5,306,0160215858,14317051
0,5,105,0160278333,14907515
1,8,304,0160278333,14907515
0,5,87,0160047269,12680656
1,6,62,0160047269,12680656
2,7,76,0160047269,12680656
3,8,60,0160047269,12680656
0,5,147,0001489727,13074405
1,7,109,0001489727,13074405
2,8,134,0001489727,13074405
0,5,72,0160276886,15137214
1,6,99,0160276886,15137214
2,7,102,0160276886,15137214
0,5,291,0160194492,13058782
0,7,84,0160194492,15536131
1,8,100,0160194492,15536131
0,5,51,0001048372,14132053
1,6,59,0001048372,14132053
2,7,72,0001048372,14132053
0,8,206,0001584783,15536967
0,5,120,0160416564,14869277
1,7,182,0160416564,14869277
2,8,234,0160416564,14869277
0,5,341,0160310624,12749342
1,6,213,0160310624,12749342
0,5,722,0160143843,12828094
1,6,137,0160143843,12828094
2,7,124,0160143843,12828094
0,7,187,0000156972,15473362
1,8,172,0000156972,15473362
0,5,363,0001054936,12874914
0,8,311,0001054936,15496736
0,5,52,0160141442,12919655
0,7,258,0160346292,13406567
1,8,154,0160346292,13406567
0,5,117,0001428004,00002794
1,7,60,0001428004,00002794
2,8,60,0001428004,00002794
0,5,112,0160281373,13406362
1,6,65,0160281373,13406362
2,7,64,0160281373,13406362
0,5,293,0001376886,00048779
1,6,213,0001376886,00048779
0,6,118,0160282833,15314024
1,7,125,0160282833,15314024
2,8,79,0160282833,15314024
0,5,49,0001696279,13074393
1,6,58,0001696279,13074393
2,7,57,0001696279,13074393
0,5,580,0001620528,13058399
1,6,347,0001620528,13058399
2,7,142,0001620528,13058399
0,5,322,0000248330,13074342
0,8,182,0160166207,15203970
0,5,219,0000249406,13074349
1,7,70,0000249406,13074349
2,8,61,0000249406,13074349
0,5,118,0160041564,12680643
1,6,145,0160041564,12680643
2,7,57,0160041564,12680643
3,8,303,0160041564,12680643
0,5,242,0160278764,00047518
1,6,128,0160278764,00047518
2,7,53,0160278764,00047518
3,8,232,0160278764,00047518
0,6,606,0000954014,15473366
1,7,340,0000954014,15473366
2,8,61,0000954014,15473366
0,6,324,0160824687,15289155
1,7,323,0160824687,15289155
2,8,440,0160824687,15289155
0,5,454,0000626087,00008794
1,6,579,0000626087,00008794
2,7,160,0000626087,00008794
0,8,150,0000626087,15269127
0,7,142,0009502407,15536943
1,8,151,0009502407,15536943
0,5,178,0000530101,13523898
0,5,246,0001628166,12919550
1,6,87,0001628166,12919550
2,7,75,0001628166,12919550
3,8,121,0001628166,12919550
0,5,61,0001431447,00026477
1,6,54,0001431447,00026477
0,5,664,0001024847,13058708
1,6,59,0001024847,13058708
2,7,124,0001024847,13058708
0,5,149,0160042544,12680492
1,6,116,0160042544,12680492
2,7,121,0160042544,12680492
3,8,170,0160042544,12680492
0,5,743,0009500937,13059130
1,6,129,0009500937,13059130
0,5,743,0009500937,13059130
1,6,129,0009500937,13059130
0,5,133,0000820712,12827977
1,6,176,0000820712,12827977
2,7,134,0000820712,12827977
3,8,85,0000820712,12827977
0,5,314,0001000916,00093108
0,5,344,0001253078,12920385
0,6,53,0009500718,15537036
1,7,476,0009500718,15537036
2,8,483,0009500718,15537036
0,6,53,0009500718,15537036
1,7,476,0009500718,15537036
2,8,483,0009500718,15537036
0,6,53,0009500718,15537036
1,7,476,0009500718,15537036
2,8,483,0009500718,15537036
0,5,115,0001119203,13058264
1,6,100,0001119203,13058264
2,7,99,0001119203,13058264
0,5,127,0160166661,12697317
1,6,159,0160166661,12697317
2,7,139,0160166661,12697317
0,5,335,0160177078,12875310
1,6,341,0160177078,12875310
2,7,51,0160177078,12875310
0,5,234,0001729094,13432011
1,6,162,0001729094,13432011
2,8,76,0001729094,13432011
0,5,618,0160253459,12920611
1,6,244,0160253459,12920611
0,8,68,0160386387,14317119
0,5,435,0009502785,32154165
0,6,64,0009502785,15476017
1,7,102,0009502785,15476017
2,8,112,0009502785,15476017
0,5,141,0000171412,12680649
1,6,180,0000171412,12680649
2,7,115,0000171412,12680649
3,8,88,0000171412,12680649
0,5,68,0000003788,13831457
0,5,123,0160049678,12680693
0,5,50,0160280651,14631420
0,5,459,0160315337,13337000
1,6,63,0160315337,13337000
2,7,387,0160315337,13337000
0,5,480,0160279305,14763431
1,6,123,0160279305,14763431
0,8,67,0000652481,00026713
0,7,73,0001714693,12680681
1,8,310,0001714693,12680681
0,7,59,0000563290,12875617
1,8,55,0000563290,12875617
0,5,72,0160025499,00093058
1,7,164,0160025499,00093058
2,8,396,0160025499,00093058
0,5,92,0160282163,14631364
1,6,154,0160282163,14631364
2,7,156,0160282163,14631364
3,8,76,0160282163,14631364
0,5,48,0000517146,00037397
0,5,51,0000807577,13058686
0,7,152,0009501057,15476008
1,8,409,0009501057,15476008
0,5,60,0000356768,13831366
1,6,117,0000356768,13831366
2,7,63,0000356768,13831366
0,5,88,0160260573,13431268
1,6,116,0160260573,13431268
2,7,148,0160260573,13431268
3,8,68,0160260573,13431268
0,5,73,0000000044,12680606
1,6,59,0000000044,12680606
0,5,110,0160282857,14191502
0,5,78,0160282860,14602108
1,6,116,0160282860,14602108
2,7,85,0160282860,14602108
3,8,121,0160282860,14602108
0,5,178,0001822100,12875542
0,6,89,0160357213,14275240
1,7,160,0160357213,14275240
2,8,175,0160357213,14275240
0,5,345,0001408713,13831182
1,6,223,0001408713,13831182
2,7,133,0001408713,13831182
3,8,71,0001408713,13831182
0,5,197,0160378675,13431311
1,6,108,0160378675,13431311
0,5,352,0160125271,14317108
1,6,129,0160125271,14317108
2,8,242,0160125271,14317108
0,5,60,0160446458,13831249
1,6,49,0160446458,13831249
2,7,55,0160446458,13831249
3,8,78,0160446458,13831249
0,5,50,0000485355,00002770
1,6,72,0000485355,00002770
2,7,96,0000485355,00002770
3,8,85,0000485355,00002770
0,6,405,0001627784,13960027
1,7,388,0001627784,13960027
0,5,115,0000261546,12680672
1,6,83,0000261546,12680672
2,7,65,0000261546,12680672
3,8,62,0000261546,12680672
0,5,116,0160396833,00047807
0,7,124,0000477211,15347714
1,8,280,0000477211,15347714
0,5,293,0160325035,14283715
1,7,202,0160325035,14283715
2,8,358,0160325035,14283715
0,5,143,0160136411,12793507
0,8,561,0160136411,14566621
0,7,197,0001446086,15405982
1,8,175,0001446086,15405982
0,7,51,0009502432,12794010
1,8,54,0009502432,12794010
0,5,325,0000810965,13058011
0,6,137,0000810965,15368497
1,7,259,0000810965,15368497
2,8,262,0000810965,15368497
0,5,48,0160058948,12697383
0,5,184,0160326653,13017123
1,6,154,0160326653,13017123
0,5,325,0001440416,13406496
0,5,195,0160811908,15289151
1,6,92,0160811908,15289151
2,7,229,0160811908,15289151
3,8,349,0160811908,15289151
0,5,52,0000765025,00026515
0,5,178,0160051656,12827916
1,6,107,0160051656,12827916
2,8,70,0160051656,12827916
0,6,62,0160424225,13017306
1,7,54,0160424225,13017306
0,5,55,0160072132,12697372
0,8,145,0160284868,15543391
0,6,68,0009502650,12680596
1,7,76,0009502650,12680596
2,8,48,0009502650,12680596
0,6,68,0009502650,12680596
1,7,76,0009502650,12680596
2,8,48,0009502650,12680596
0,5,252,0160182974,13058311
1,6,192,0160182974,13058311
2,7,139,0160182974,13058311
0,5,68,0160045096,12680668
1,6,54,0160045096,12680668
2,8,52,0160045096,12680668
0,5,263,0160440606,13701673
1,6,262,0160440606,13701673
0,8,249,0160440606,15314022
0,5,505,0000230384,13058439
0,5,82,0160757786,14866702
1,6,115,0160757786,14866702
2,7,54,0160757786,14866702
0,5,95,0160277741,12827913
1,7,100,0160277741,12827913
0,5,48,0009501935,12680569
1,6,51,0009501935,12680569
2,7,61,0009501935,12680569
0,5,522,0160543111,14061158
1,6,483,0160543111,14061158
0,7,350,0160543111,14330298
1,8,375,0160543111,14330298
0,5,135,0009501902,12680540
1,6,80,0009501902,12680540
2,7,88,0009501902,12680540
0,5,118,0160086085,12697382
1,6,57,0160086085,12697382
0,5,71,0160279128,00049448
1,6,71,0160279128,00049448
0,5,58,0160279127,00047333
1,6,54,0160279127,00047333
0,5,107,0160279126,12919876
1,6,93,0160279126,12919876
2,7,94,0160279126,12919876
3,8,76,0160279126,12919876
0,5,89,0160133953,12875274
1,6,68,0160133953,12875274
2,7,55,0160133953,12875274
3,8,55,0160133953,12875274
0,5,231,0000643924,12828147
1,6,152,0000643924,12828147
2,7,51,0000643924,12828147
0,5,204,0000304776,15204056
1,6,233,0000304776,15204056
2,7,223,0000304776,15204056
3,8,198,0000304776,15204056
0,5,313,0160281148,13831688
1,6,268,0160281148,13831688
2,7,122,0160281148,13831688
3,8,203,0160281148,13831688
0,5,79,0000693723,13336927
1,6,85,0000693723,13336927
2,7,63,0000693723,13336927
3,8,49,0000693723,13336927
0,5,338,0009502627,13017253
1,6,277,0009502627,13017253
2,7,236,0009502627,13017253
3,8,100,0009502627,13017253
0,5,100,0160128558,12875210
1,6,54,0160128558,12875210
0,5,102,0160128557,12875253
0,5,53,0001312386,13058494
1,7,78,0001312386,13058494
2,8,107,0001312386,13058494
0,5,108,0000004156,15023345
1,6,83,0000004156,15023345
0,5,131,0160447398,12697342
1,6,67,0160447398,12697342
0,5,129,0009502711,12919333
1,6,155,0009502711,12919333
2,7,213,0009502711,12919333
3,8,206,0009502711,12919333
0,5,65,0000375097,12875182
1,6,60,0000375097,12875182
2,7,65,0000375097,12875182
0,5,244,0000553319,12920096
1,7,437,0000553319,12920096
0,5,436,0160299244,13292514
1,6,189,0160299244,13292514
2,7,267,0160299244,13292514
0,8,311,0000152075,15431997
0,7,52,0009501071,12794193
0,5,593,0160581342,14133269
1,6,616,0160581342,14133269
0,5,593,0160581342,14133269
1,6,616,0160581342,14133269
0,8,397,0160581342,15536959
0,5,599,0160621806,14437155
1,6,559,0160621806,14437155
0,5,599,0160621806,14437155
1,6,559,0160621806,14437155
0,7,372,0160621806,15536953
1,8,374,0160621806,15536953
0,7,48,0160324595,13058866
0,5,154,0009501044,12697371
0,5,154,0009501044,12697371
0,5,161,0001598683,14130515
1,6,614,0001598683,14130515
0,5,549,0160082267,12793531
1,6,412,0160082267,12793531
2,7,148,0160082267,12793531
3,8,79,0160082267,12793531
0,5,68,0160368882,13406616
1,6,58,0160368882,13406616
2,7,74,0160368882,13406616
3,8,52,0160368882,13406616
0,7,250,0000717514,00017521
1,8,208,0000717514,00017521
0,5,61,0160089605,12793506
1,7,53,0160089605,12793506
0,5,205,0009500880,12680552
1,6,74,0009500880,12680552
2,7,118,0009500880,12680552
3,8,178,0009500880,12680552
0,5,121,0009501900,13017368
1,6,146,0009501900,13017368
2,7,101,0009501900,13017368
3,8,238,0009501900,13017368
0,5,121,0009501900,13017368
1,6,146,0009501900,13017368
2,7,101,0009501900,13017368
3,8,238,0009501900,13017368
0,7,210,0160804834,15289149
1,8,174,0160804834,15289149
0,5,124,0001501678,00037412
1,6,72,0001501678,00037412
2,7,86,0001501678,00037412
3,8,68,0001501678,00037412
0,5,57,0160510032,15288081
1,6,142,0160510032,15288081
2,7,51,0160510032,15288081
3,8,61,0160510032,15288081
0,5,623,0160019450,13862485
1,6,206,0160019450,13862485
0,6,52,0009501604,12794210
0,5,62,0000472790,00049299
0,8,304,0000472790,15537697
0,6,50,0000081002,13791348
0,8,227,0000081002,15473395
0,5,228,0000497070,13058131
1,6,301,0000497070,13058131
2,8,151,0000497070,13058131
0,7,245,0000501651,15405926
1,8,491,0000501651,15405926
0,5,378,0000088062,13240799
1,6,266,0000088062,13240799
0,7,176,0000088062,15405957
1,8,203,0000088062,15405957
0,5,113,0160285633,12680515
1,6,51,0160285633,12680515
0,5,113,0160285633,12680515
1,6,51,0160285633,12680515
0,5,274,0000245326,13058134
1,7,116,0000245326,13058134
2,8,76,0000245326,13058134
0,5,200,0160470824,13862406
1,6,85,0160470824,13862406
0,5,321,0001410063,13406356
1,6,94,0001410063,13406356
2,7,270,0001410063,13406356
3,8,287,0001410063,13406356
0,5,239,0001110559,12793441
1,6,93,0001110559,12793441
2,8,70,0001110559,12793441
0,5,51,0160266385,13240894
1,6,63,0160266385,13240894
0,5,459,0009502284,12793927
0,6,59,0009502284,15476001
1,7,70,0009502284,15476001
0,8,99,0160110984,15536144
0,5,188,0160054797,13058408
1,6,90,0160054797,13058408
2,7,71,0160054797,13058408
0,5,534,0160213783,13431815
1,6,191,0160213783,13431815
2,7,199,0160213783,13431815
3,8,110,0160213783,13431815
0,5,226,0001302904,12875315
1,6,67,0001302904,12875315
0,5,70,0160059258,12680604
0,5,743,0009500423,13059221
1,6,555,0009500423,13059221
0,5,743,0009500423,13059221
1,6,555,0009500423,13059221
0,7,310,0009500423,15536981
1,8,735,0009500423,15536981
0,5,54,0001908734,14130146
1,6,71,0001908734,14130146
0,5,89,0160277112,14602132
0,6,93,0160202167,15432037
1,7,115,0160202167,15432037
2,8,74,0160202167,15432037
0,6,109,0001921794,15496665
1,7,264,0001921794,15496665
2,8,159,0001921794,15496665
0,5,150,0001366211,12680665
1,6,237,0001366211,12680665
2,7,337,0001366211,12680665
3,8,307,0001366211,12680665
0,5,54,0000999895,13831586
1,7,50,0000999895,13831586
2,8,109,0000999895,13831586
0,5,428,0001046989,12793560
1,6,485,0001046989,12793560
2,7,142,0001046989,12793560
0,5,79,0160065752,12697374
0,5,61,0001706564,12680556
0,5,79,0160065752,12697374
0,5,294,0160321588,13337122
1,7,226,0160321588,13337122
2,8,223,0160321588,13337122
0,5,458,0160213047,13074378
1,6,60,0160213047,13074378
2,7,435,0160213047,13074378
0,7,78,0160278637,15289122
0,6,178,0160193086,15473321
1,7,242,0160193086,15473321
2,8,164,0160193086,15473321
0,5,354,0001053201,13058370
1,6,139,0001053201,13058370
2,7,89,0001053201,13058370
0,5,96,0001472054,00026471
1,6,57,0001472054,00026471
2,7,67,0001472054,00026471
3,8,52,0001472054,00026471
0,5,112,0160324835,15313945
1,6,73,0160324835,15313945
2,7,50,0160324835,15313945
0,5,86,0160074414,12680551
0,5,287,0160339304,12919174
1,6,198,0160339304,12919174
2,7,120,0160339304,12919174
0,5,232,0160122933,12875329
1,6,222,0160122933,12875329
2,7,222,0160122933,12875329
0,7,61,0160339304,15536983
1,8,732,0160339304,15536983
0,7,59,0160122933,14566625
1,8,687,0160122933,14566625
0,5,260,0160123149,12875228
1,6,157,0160123149,12875228
2,7,81,0160123149,12875228
0,5,708,0160205148,13240692
1,6,298,0160205148,13240692
0,5,411,0000978739,13240717
0,5,368,0000144617,13058122
0,5,394,0160314916,13337040
0,6,162,0160314916,15347606
1,7,330,0160314916,15347606
2,8,310,0160314916,15347606
0,7,72,0160205148,15496705
1,8,458,0160205148,15496705
0,8,556,0000144650,15496741
0,7,118,0000580116,14602110
1,8,354,0000580116,14602110
0,5,131,0160079113,12680636
1,6,48,0160079113,12680636
0,5,72,0160281928,15269137
1,6,120,0160281928,15269137
2,7,97,0160281928,15269137
3,8,66,0160281928,15269137
0,5,179,0160283541,00017509
1,6,92,0160283541,00017509
2,7,55,0160283541,00017509
3,8,81,0160283541,00017509
0,5,157,0001242676,13406609
1,7,67,0001242676,13406609
0,5,309,0000146656,13057853
1,6,230,0000146656,13057853
2,7,136,0000146656,13057853
0,5,97,0000146685,12680647
0,5,434,0160300665,13337007
0,5,96,0160191321,13058172
1,6,53,0160191321,13058172
2,8,49,0160191321,13058172
0,5,91,0000146578,12680611
1,6,48,0000146578,12680611
0,8,504,0160300665,15431975
0,5,727,0001990414,00066144
1,6,152,0001990414,00066144
0,8,101,0001990414,15405933
0,5,139,0001937798,15023460
1,6,86,0001937798,15023460
2,7,90,0001937798,15023460
3,8,100,0001937798,15023460
0,5,105,0160102719,12874927
1,7,70,0160102719,12874927
0,5,48,0160051400,12680560
0,5,48,0160051400,12680560
0,5,121,0000613276,12875628
1,7,94,0000613276,12875628
2,8,66,0000613276,12875628
0,5,700,0160258107,13240850
1,6,435,0160258107,13240850
0,5,378,0000907190,12919925
1,6,337,0000907190,12919925
2,8,86,0000907190,12919925
0,6,245,0160258107,15347694
1,7,341,0160258107,15347694
0,8,144,0001635576,15496748
0,5,543,0009501693,32151671
1,6,513,0009501693,32151671
2,7,136,0009501693,32151671
0,5,157,0160112211,12697347
1,6,132,0160112211,12697347
2,7,73,0160112211,12697347
3,8,71,0160112211,12697347
0,5,79,0160241968,12919353
1,6,145,0160241968,12919353
2,7,96,0160241968,12919353
3,8,118,0160241968,12919353
0,5,456,0160281166,12874737
1,6,400,0160281166,12874737
2,7,97,0160281166,12874737
0,5,285,0160301873,13074321
1,6,315,0160301873,13074321
0,7,551,0009501693,14330293
1,8,730,0009501693,14330293
0,8,294,0160480951,15536998
0,5,191,0000148091,13337021
1,6,95,0000148091,13337021
2,8,85,0000148091,13337021
0,5,131,0160279057,12920379
0,5,351,0160300217,13017062
1,6,141,0160300217,13017062
2,7,139,0160300217,13017062
0,8,254,0160300217,15536987
0,8,66,0000393382,15543374
0,5,118,0009502457,12919540
1,6,77,0009502457,12919540
2,8,132,0009502457,12919540
0,5,204,0160528970,13960037
1,6,126,0160528970,13960037
0,6,107,0001441773,13058645
1,8,57,0001441773,13058645
0,5,52,0000820085,13337209
1,6,58,0000820085,13337209
2,7,54,0000820085,13337209
3,8,85,0000820085,13337209
0,5,50,0009502301,32152532
0,8,555,0009502301,15537001
0,7,67,0001121562,15413500
1,8,60,0001121562,15413500
0,5,80,0160045134,13057888
1,6,51,0160045134,13057888
2,8,60,0160045134,13057888
0,6,94,0009500206,32152033
1,7,167,0009500206,32152033
2,8,213,0009500206,32152033
0,5,59,0009501254,12794220
0,5,253,0000129003,00046144
1,6,222,0000129003,00046144
2,7,216,0000129003,00046144
3,8,237,0000129003,00046144
0,6,74,0160705554,14630872
1,7,222,0160705554,14630872
2,8,263,0160705554,14630872
0,5,92,0160325361,15287991
1,6,283,0160325361,15287991
2,7,75,0160325361,15287991
3,8,79,0160325361,15287991
0,8,288,0160252651,15347674
0,5,70,0160050311,12680532
0,5,433,0160325621,13338329
1,6,256,0160325621,13338329
0,5,374,0160107046,12875181
1,6,366,0160107046,12875181
2,7,382,0160107046,12875181
0,5,71,0001792609,12680650
1,6,72,0001792609,12680650
2,7,57,0001792609,12680650
3,8,88,0001792609,12680650
0,5,240,0009502477,32152997
1,6,187,0009502477,32152997
2,7,52,0009502477,32152997
0,7,232,0009502477,15289138
1,8,273,0009502477,15289138
0,5,162,0000419340,12680676
1,6,132,0000419340,12680676
2,7,48,0000419340,12680676
3,8,103,0000419340,12680676
0,5,139,0000802541,13058755
0,5,54,0000004092,00065796
0,5,296,0160188543,13337016
0,5,397,0160350617,13406631
1,6,76,0160350617,13406631
0,5,86,0009501888,13058985
0,5,437,0160265864,12828064
0,5,386,0160130191,13058279
0,5,722,0000963010,13406605
1,6,185,0000963010,13406605
2,7,75,0000963010,13406605
0,6,59,0001001140,00013366
1,7,103,0001001140,00013366
2,8,129,0001001140,00013366
0,5,158,0001687759,14631528
0,5,114,0160064901,13058189
1,7,97,0160064901,13058189
2,8,73,0160064901,13058189
0,6,68,0001782155,15413490
0,5,52,0000001834,00037243
0,5,52,0000001834,00037243
0,5,50,0000158128,00026742
0,5,63,0160324767,14283261
1,6,59,0160324767,14283261
0,5,69,0000902151,12680688
0,5,260,0160282558,12919387
1,6,228,0160282558,12919387
2,7,62,0160282558,12919387
0,5,260,0160282558,12919387
1,6,228,0160282558,12919387
2,7,62,0160282558,12919387
0,7,225,0160282558,15536992
1,8,520,0160282558,15536992
0,5,100,0000315622,13406604
0,6,88,0000315622,15473372
1,7,122,0000315622,15473372
2,8,88,0000315622,15473372
0,7,215,0001642774,12875557
1,8,190,0001642774,12875557
0,5,170,0001706131,32154230
1,6,146,0001706131,32154230
2,7,107,0001706131,32154230
0,5,101,0000148717,12697331
1,6,71,0000148717,12697331
2,7,52,0000148717,12697331
0,5,54,0000143715,12680473
0,5,79,0000143716,12697346
0,5,723,0160151998,13017449
0,5,154,0160055136,12680510
1,6,80,0160055136,12680510
0,5,150,0160278807,12874756
1,6,86,0160278807,12874756
0,5,96,0160286491,12874699
1,7,150,0160286491,12874699
2,8,324,0160286491,12874699
0,5,743,0160443347,12794265
1,6,291,0160443347,12794265
0,5,277,0000147028,12874803
1,6,56,0000147028,12874803
2,7,326,0000147028,12874803
3,8,217,0000147028,12874803
0,5,339,0000552273,12794399
0,5,94,0001378460,00037275
0,5,97,0000143895,12680633
1,6,55,0000143895,12680633
0,5,151,0160281211,14069159
1,6,90,0160281211,14069159
2,7,59,0160281211,14069159
0,5,151,0160281211,14069159
1,6,90,0160281211,14069159
2,7,59,0160281211,14069159
0,5,130,0000143184,12794418
1,6,83,0000143184,12794418
0,5,195,0160276768,14522824
1,6,76,0160276768,14522824
2,7,51,0160276768,14522824
0,5,94,0160247940,13960114
0,5,134,0160691745,14522698
1,6,53,0160691745,14522698
0,6,161,0000552273,15473346
1,7,163,0000552273,15473346
2,8,184,0000552273,15473346
0,7,50,0160443347,14573548
1,8,51,0160443347,14573548
0,7,554,0160214293,14630854
1,8,502,0160214293,14630854
0,8,216,0000144763,15496839
0,8,129,0160151998,15537003
0,5,179,0160226733,14130580
1,6,149,0160226733,14130580
2,7,55,0160226733,14130580
0,5,105,0000151939,12697354
1,6,60,0000151939,12697354
0,6,83,0009500363,12794203
1,8,53,0009500363,12794203
0,5,172,0000964871,00008995
0,7,71,0009502693,12827820
1,8,108,0009502693,12827820
0,5,355,0001654551,12919744
1,6,57,0001654551,12919744
0,6,49,0001654551,15405963
0,5,88,0160105636,12827889
0,5,507,0160833913,14865149
0,6,193,0160833913,15333241
1,7,401,0160833913,15333241
2,8,425,0160833913,15333241
0,5,51,0000934167,12680472
0,5,87,0000144021,12680512
0,5,77,0001189810,14478768
1,7,124,0001189810,14478768
0,5,114,0160021278,00066163
1,6,135,0160021278,00066163
2,7,81,0160021278,00066163
0,7,316,0160021278,15345581
1,8,669,0160021278,15345581
0,8,578,0000839022,15333213
0,5,191,0001570978,12680692
1,6,129,0001570978,12680692
2,7,106,0001570978,12680692
3,8,53,0001570978,12680692
0,5,162,0009500072,12794295
1,6,163,0009500072,12794295
2,7,207,0009500072,12794295
0,6,121,0009500072,14630853
1,7,247,0009500072,14630853
2,8,227,0009500072,14630853
0,8,729,0009500072,15536991
0,5,60,0000150579,12680598
0,5,73,0001753845,13240898
0,8,240,0000801069,15405946
0,5,69,0160263198,12919388
1,6,51,0160263198,12919388
2,7,54,0160263198,12919388
0,5,55,0000789176,14631315
0,8,361,0000789176,15543422
0,5,96,0160280717,13017108
1,6,56,0160280717,13017108
2,7,70,0160280717,13017108
3,8,52,0160280717,13017108
0,5,56,0001956302,13017232
1,6,80,0001956302,13017232
0,8,89,0001956302,15496663
0,7,56,0160110699,12874918
0,5,234,0000183124,13240808
1,7,162,0000183124,13240808
2,8,104,0000183124,13240808
0,5,322,0009501709,12793952
1,6,255,0009501709,12793952
2,7,189,0009501709,12793952
3,8,105,0009501709,12793952
0,5,174,0000861898,12794349
1,6,147,0000861898,12794349
2,7,60,0000861898,12794349
3,8,129,0000861898,12794349
0,5,54,0160403700,13523720
0,7,71,0160403700,15314028
1,8,89,0160403700,15314028
0,6,51,0009501997,15333210
1,7,95,0009501997,15333210
2,8,66,0009501997,15333210
0,5,66,0160279401,14573391
1,6,48,0160279401,14573391
2,7,68,0160279401,14573391
3,8,72,0160279401,14573391
0,5,71,0160323290,12874750
1,6,54,0160323290,12874750
0,7,479,0160350730,15537024
1,8,727,0160350730,15537024
0,7,48,0000000289,13337087
0,5,457,0001164800,12827992
1,6,432,0001164800,12827992
2,7,88,0001164800,12827992
0,5,457,0001164800,12827992
1,6,432,0001164800,12827992
2,7,88,0001164800,12827992
0,8,288,0001164800,15347755
0,5,102,0160281202,13058182
1,6,61,0160281202,13058182
0,5,59,0000151837,00048564
1,7,78,0000151837,00048564
2,8,97,0000151837,00048564
0,5,100,0000662725,13058232
0,5,83,0000863867,00047033
1,6,65,0000863867,00047033
2,8,49,0000863867,00047033
0,7,93,0000662725,15473371
1,8,101,0000662725,15473371
0,7,50,0009500569,12697375
0,5,77,0160278277,12794310
1,6,62,0160278277,12794310
2,7,58,0160278277,12794310
0,5,101,0000718914,00002693
0,5,366,0160493411,13831634
0,5,49,0001471645,13057945
0,6,96,0160821738,15409642
1,7,214,0160821738,15409642
2,8,91,0160821738,15409642
0,6,96,0160821738,15409642
1,7,214,0160821738,15409642
2,8,91,0160821738,15409642
0,5,743,0160153704,12874451
1,6,292,0160153704,12874451
0,7,54,0160153704,15333244
1,8,50,0160153704,15333244
0,8,538,0160117727,15057921
0,8,742,0000856984,15496706
0,5,436,0001216249,00046462
1,6,248,0001216249,00046462
0,8,524,0001216249,15496742
0,5,149,0001425139,13074309
1,7,187,0001425139,13074309
2,8,186,0001425139,13074309
0,7,271,0009500677,15537047
1,8,340,0009500677,15537047
0,5,234,0000146252,13336981
0,5,50,0160263114,12874785
1,7,56,0160263114,12874785
0,5,59,0009500605,13058919
0,5,283,0000673837,00065685
1,6,211,0000673837,00065685
0,7,182,0000673837,15413509
1,8,262,0000673837,15413509
0,5,92,0000995715,15313973
1,7,85,0000995715,15313973
2,8,54,0000995715,15313973
0,5,739,0000943740,14907503
1,6,194,0000943740,14907503
0,7,335,0000943740,15496690
1,8,373,0000943740,15496690
0,5,94,0001643367,13240751
1,7,154,0001643367,13240751
2,8,105,0001643367,13240751
0,7,139,0160550679,15536945
1,8,176,0160550679,15536945
0,7,255,0160032716,15023220
1,8,311,0160032716,15023220
0,5,339,0000253946,00045344
1,6,295,0000253946,00045344
0,5,82,0000850546,00026691
1,6,79,0000850546,00026691
2,7,75,0000850546,00026691
3,8,75,0000850546,00026691
0,5,97,0009501035,12919303
1,6,60,0009501035,12919303
0,5,568,0001974562,00013327
1,6,245,0001974562,00013327
2,7,91,0001974562,00013327
0,5,49,0009500923,12680489
0,5,49,0009500923,12680489
0,5,170,0160159141,12875379
1,7,328,0160159141,12875379
0,6,82,0000639241,15313924
1,7,76,0000639241,15313924
0,6,90,0001493944,00013421
0,5,250,0160346014,12920123
1,6,82,0160346014,12920123
2,8,137,0160346014,12920123
0,5,739,0000436418,13240955
1,6,100,0000436418,13240955
2,8,296,0000436418,13240955
0,5,59,0000508950,00026463
0,5,327,0160280065,00092762
1,6,379,0160280065,00092762
2,7,127,0160280065,00092762
3,8,260,0160280065,00092762
0,5,193,0160313208,13337062
1,6,50,0160313208,13337062
2,8,82,0160313208,13337062
0,5,269,0160429028,14522721
1,6,155,0160429028,14522721
2,7,182,0160429028,14522721
3,8,292,0160429028,14522721
0,6,55,0001489690,13940037
0,5,319,0001000012,14631524
1,6,307,0001000012,14631524
2,7,256,0001000012,14631524
0,5,59,0160557791,14130419
1,7,59,0160557791,14130419
0,8,236,0160557791,14472083
0,6,75,0001001117,00045931
1,7,95,0001001117,00045931
2,8,53,0001001117,00045931
0,5,74,0160274030,12920389
1,7,244,0160274030,12920389
0,7,51,0160032028,12697353
1,8,51,0160032028,12697353
0,5,168,0001660025,12680609
1,6,231,0001660025,12680609
2,7,219,0001660025,12680609
3,8,156,0001660025,12680609
0,5,78,0000053230,12680677
1,6,69,0000053230,12680677
2,7,106,0000053230,12680677
3,8,64,0000053230,12680677
0,8,316,0009502327,14009785
0,5,174,0160089900,12697381
1,6,153,0160089900,12697381
2,7,161,0160089900,12697381
3,8,134,0160089900,12697381
0,5,135,0160279237,00047219
1,6,98,0160279237,00047219
2,8,60,0160279237,00047219
0,5,135,0160279238,00047848
1,6,101,0160279238,00047848
2,8,58,0160279238,00047848
0,5,88,0160326652,13337070
1,6,100,0160326652,13337070
2,7,79,0160326652,13337070
3,8,85,0160326652,13337070
0,5,54,0160325952,13337079
1,6,64,0160325952,13337079
2,7,108,0160325952,13337079
3,8,65,0160325952,13337079
0,7,49,0160325826,15347805
1,8,48,0160325826,15347805
0,5,80,0160325938,14884400
1,6,68,0160325938,14884400
0,5,207,0160325935,15137238
1,6,57,0160325935,15137238
2,8,169,0160325935,15137238
0,5,184,0160326653,13017123
1,6,154,0160326653,13017123
0,5,75,0160326658,13831618
0,5,69,0160325776,14275206
0,5,243,0160326327,14132048
1,6,161,0160326327,14132048
2,7,258,0160326327,14132048
3,8,276,0160326327,14132048
0,5,243,0160326327,14132048
1,6,161,0160326327,14132048
2,7,258,0160326327,14132048
3,8,276,0160326327,14132048
0,5,64,0160326401,12827984
1,7,50,0160326401,12827984
0,5,290,0160326332,00046765
1,6,361,0160326332,00046765
2,7,69,0160326332,00046765
0,6,75,0160326552,14884359
1,7,74,0160326552,14884359
